tweet_id,timestamp,text,expanded_urls,name,dog_type,ratings,jpg_url,p1,p1_conf,p1_dog,p2,p2_conf,p2_dog,p3,p3_conf,p3_dog,retweet_count,favorite_count
890240255349198848,2017-07-26 15:59:51+00:00,This is Cassie. She is a college pup. Studying international doggo communication and stick theory. 14/10 so elegant much sophisticate https://t.co/t1bfwz5S2A,https://twitter.com/dog_rates/status/890240255349198849/photo/1,Cassie,doggo,1.4,https://pbs.twimg.com/media/DFrEyVuW0AAO3t9.jpg,Pembroke,0.511319,True,Cardigan,0.451038,True,Chihuahua,0.0292482,True,7711,32467
884162670584377344,2017-07-09 21:29:42+00:00,Meet Yogi. He doesn't have any important dog meetings today he just enjoys looking his best at all times. 12/10 for dangerously dapper doggo https://t.co/YSI00BzTBZ,https://twitter.com/dog_rates/status/884162670584377345/photo/1,Yogi,doggo,1.2,https://pbs.twimg.com/media/DEUtQbzW0AUTv_o.jpg,German_shepherd,0.707046,True,malinois,0.199396,True,Norwegian_elkhound,0.0491476,True,3128,20771
871515927908634624,2017-06-04 23:56:03+00:00,This is Napolean. He's a Raggedy East Nicaraguan Zoom Zoom. Runs on one leg. Built for deception. No eyes. Good with kids. 12/10 great doggo https://t.co/PR7B7w1rUw,"https://twitter.com/dog_rates/status/871515927908634625/photo/1,https://twitter.com/dog_rates/status/871515927908634625/photo/1",Napolean,doggo,1.2,https://pbs.twimg.com/media/DBg_HT9WAAEeIMM.jpg,komondor,0.974781,True,briard,0.0200413,True,swab,0.00322824,False,3628,20730
869596645499047936,2017-05-30 16:49:31+00:00,This is Scout. He just graduated. Officially a doggo now. Have fun with taxes and losing sight of your ambitions. 12/10 would throw cap for https://t.co/DsA2hwXAJo,"https://twitter.com/dog_rates/status/869596645499047938/photo/1,https://twitter.com/dog_rates/status/869596645499047938/photo/1",Scout,doggo,1.2,https://pbs.twimg.com/media/DBFtiYqWAAAsjj1.jpg,Chihuahua,0.955156,True,toy_terrier,0.00805373,True,muzzle,0.00629563,False,3327,16476
846514051647705088,2017-03-28 00:07:32+00:00,This is Barney. He's an elder doggo. Hitches a ride when he gets tired. Waves goodbye before he leaves. 13/10 please come back soon https://t.co/cFAasDXauK,"https://twitter.com/dog_rates/status/846514051647705089/photo/1,https://twitter.com/dog_rates/status/846514051647705089/photo/1,https://twitter.com/dog_rates/status/846514051647705089/photo/1",Barney,doggo,1.3,https://pbs.twimg.com/media/C79sB4xXwAEvwKY.jpg,golden_retriever,0.650003,True,Leonberg,0.0651992,True,Norfolk_terrier,0.0529553,True,13076,48410
845397057150107648,2017-03-24 22:08:59+00:00,"Say hello to Mimosa. She's an emotional support doggo who helps her owner with PTSD. 13/10, but she needs your help

https://t.co/L6mLzrd7Mx https://t.co/jMutBFdw5o","https://www.gofundme.com/help-save-a-pup,https://twitter.com/dog_rates/status/845397057150107648/photo/1,https://twitter.com/dog_rates/status/845397057150107648/photo/1",Mimosa,doggo,1.3,https://pbs.twimg.com/media/C7t0IzLWkAINoft.jpg,Dandie_Dinmont,0.394404,True,Maltese_dog,0.186537,True,West_Highland_white_terrier,0.181985,True,2072,8241
832998151111966720,2017-02-18 17:00:10+00:00,"This is Rhino. He arrived at a shelter with an elaborate doggo manual for his new family, written by someone who will always love him. 13/10 https://t.co/QX1h0oqMz0","https://twitter.com/dog_rates/status/832998151111966721/photo/1,https://twitter.com/dog_rates/status/832998151111966721/photo/1",Rhino,doggo,1.3,https://pbs.twimg.com/media/C49nZavUYAEJjGw.jpg,boxer,0.539036,True,French_bulldog,0.317617,True,bull_mastiff,0.0939285,True,2522,14549
832273440279240704,2017-02-16 17:00:25+00:00,Say hello to Smiley. He's a blind therapy doggo having a h*ckin blast high steppin around in the snow. 14/10 would follow anywhere https://t.co/SHAb1wHjMz,https://twitter.com/dog_rates/status/832273440279240704/video/1,Smiley,doggo,1.4,https://pbs.twimg.com/ext_tw_video_thumb/832273373149413377/pu/img/qOqxM0b48fEarmq6.jpg,Pembroke,0.134081,True,ice_bear,0.0519278,False,pug,0.0443109,True,2673,12385
832032802820481024,2017-02-16 01:04:13+00:00,"This is Miguel. He was the only remaining doggo at the adoption center after the weekend. Let's change that. 12/10

https://t.co/P0bO8mCQwN https://t.co/SU4K34NT4M","https://www.petfinder.com/petdetail/34918210,https://twitter.com/dog_rates/status/832032802820481025/photo/1,https://twitter.com/dog_rates/status/832032802820481025/photo/1,https://twitter.com/dog_rates/status/832032802820481025/photo/1,https://twitter.com/dog_rates/status/832032802820481025/photo/1",Miguel,doggo,1.2,https://pbs.twimg.com/media/C4v5a4UWcAIRygc.jpg,whippet,0.601712,True,Ibizan_hound,0.152662,True,Italian_greyhound,0.135055,True,4746,13887
831939777352105984,2017-02-15 18:54:34+00:00,This is Emanuel. He's a h*ckin rare doggo. Dwells in a semi-urban environment. Round features make him extra collectible. 12/10 would so pet https://t.co/k9bzgyVdUT,https://twitter.com/dog_rates/status/831939777352105988/photo/1,Emanuel,doggo,1.2,https://pbs.twimg.com/media/C4uk0EWWQAAaZm1.jpg,Pomeranian,0.153862,True,marmot,0.0912339,False,grey_fox,0.0906441,False,7031,26404
831322785565769728,2017-02-14 02:02:51+00:00,This is Pete. He has no eyes. Needs a guide doggo. Also appears to be considerably fluffy af. 12/10 would hug softly https://t.co/Xc0gyovCtK,https://twitter.com/dog_rates/status/831322785565769729/photo/1,Pete,doggo,1.2,https://pbs.twimg.com/media/C4lzqQ4UEAApzU0.jpg,Old_English_sheepdog,0.999715,True,Tibetan_terrier,4.62967e-05,True,guinea_pig,4.118430000000001e-05,False,1744,10042
829374341691346944,2017-02-08 17:00:26+00:00,This is Astrid. She's a guide doggo in training. 13/10 would follow anywhere https://t.co/xo7FZFIAao,"https://twitter.com/dog_rates/status/829374341691346946/photo/1,https://twitter.com/dog_rates/status/829374341691346946/photo/1",Astrid,doggo,1.3,https://pbs.twimg.com/media/C4KHj-nWQAA3poV.jpg,Staffordshire_bullterrier,0.757547,True,American_Staffordshire_terrier,0.14995,True,Chesapeake_Bay_retriever,0.0475227,True,10706,38074
828381636999917568,2017-02-05 23:15:47+00:00,Meet Doobert. He's a deaf doggo. Didn't stop him on the field tho. Absolute legend today. 14/10 would pat head approvingly https://t.co/iCk7zstRA9,https://twitter.com/dog_rates/status/828381636999917570/photo/1,Doobert,doggo,1.4,https://pbs.twimg.com/media/C38Asz1WEAAvzj3.jpg,Bedlington_terrier,0.392535,True,Labrador_retriever,0.0890217,True,clumber,0.0817998,True,2554,13864
826958653328592896,2017-02-02 01:01:21+00:00,This is Loki. He smiles like Elvis. Ain't nothin but a hound doggo. 12/10 https://t.co/QV5nx6otZR,https://twitter.com/dog_rates/status/826958653328592898/photo/1,Loki,doggo,1.2,https://pbs.twimg.com/media/C3nygbBWQAAjwcW.jpg,golden_retriever,0.6173890000000001,True,Labrador_retriever,0.33705300000000005,True,tennis_ball,0.00855442,False,5757,23767
826848821049180160,2017-02-01 17:44:55+00:00,This is Cupid. He was found in the trash. Now he's well on his way to prosthetic front legs and a long happy doggo life. 13/10 heroic af https://t.co/WS0Gha8vRh,"https://twitter.com/dog_rates/status/826848821049180160/photo/1,https://twitter.com/dog_rates/status/826848821049180160/photo/1,https://twitter.com/dog_rates/status/826848821049180160/photo/1,https://twitter.com/dog_rates/status/826848821049180160/photo/1",Cupid,doggo,1.3,https://pbs.twimg.com/media/C3mOnZ_XUAAjr2V.jpg,Great_Pyrenees,0.858764,True,golden_retriever,0.0235257,True,Pekinese,0.017103900000000002,True,11878,40325
826476773533745152,2017-01-31 17:06:32+00:00,This is Pilot. He has mastered the synchronized head tilt and sneaky tongue slip. Usually not unlocked until later doggo days. 12/10 https://t.co/YIV8sw8xkh,https://twitter.com/dog_rates/status/826476773533745153/photo/1,Pilot,doggo,1.2,https://pbs.twimg.com/media/C3g8M0lWIAEcFgn.jpg,German_shepherd,0.7418600000000001,True,Tibetan_mastiff,0.122812,True,kelpie,0.10046,True,4821,20275
821765923262631936,2017-01-18 17:07:18+00:00,This is Duchess. She uses dark doggo forces to levitate her toys. 13/10 magical af https://t.co/maDNMETA52,https://twitter.com/dog_rates/status/821765923262631936/photo/1,Duchess,doggo,1.3,https://pbs.twimg.com/media/C2d_vnHWEAE9phX.jpg,golden_retriever,0.980071,True,Labrador_retriever,0.00875751,True,Saluki,0.00180595,True,1899,9317
821407182352777216,2017-01-17 17:21:47+00:00,This is Sundance. He's a doggo drummer. Even sings a bit on the side. 14/10 entertained af (vid by @sweetsundance) https://t.co/Xn5AQtiqzG,https://twitter.com/dog_rates/status/821407182352777218/video/1,Sundance,doggo,1.4,https://pbs.twimg.com/ext_tw_video_thumb/821407155391725568/pu/img/AJC07gFJDDBuwNTD.jpg,Irish_setter,0.5054960000000001,True,vizsla,0.168747,True,Chesapeake_Bay_retriever,0.111311,True,5053,13075
819004803107983360,2017-01-11 02:15:36+00:00,This is Bo. He was a very good First Doggo. 14/10 would be an absolute honor to pet https://t.co/AdPKrI8BZ1,"https://twitter.com/dog_rates/status/819004803107983360/photo/1,https://twitter.com/dog_rates/status/819004803107983360/photo/1,https://twitter.com/dog_rates/status/819004803107983360/photo/1,https://twitter.com/dog_rates/status/819004803107983360/photo/1",Bo,doggo,1.4,https://pbs.twimg.com/media/C12whDoVEAALRxa.jpg,standard_poodle,0.351308,True,toy_poodle,0.271929,True,Tibetan_terrier,0.0947592,True,42228,95450
813910438903693312,2016-12-28 00:52:25+00:00,This is Chubbs. He dug a hole and now he's stuck in it. Dang h*ckin doggo. 11/10 would assist https://t.co/z1VRj1cYZf,https://twitter.com/dog_rates/status/813910438903693312/photo/1,Chubbs,doggo,1.1,https://pbs.twimg.com/media/C0uXObSXUAAIzmV.jpg,Siberian_husky,0.6993550000000001,True,Eskimo_dog,0.256433,True,Norwegian_elkhound,0.0131888,True,2194,10342
813096984823349248,2016-12-25 19:00:02+00:00,This is Rocky. He got triple-doggo-dared. Stuck af. 11/10 someone help him https://t.co/soNL00XWVu,https://twitter.com/dog_rates/status/813096984823349248/photo/1,Rocky,doggo,1.1,https://pbs.twimg.com/media/C0izZULWgAAKD-F.jpg,Great_Dane,0.128056,True,Boston_bull,0.117003,True,kelpie,0.08696430000000001,True,4207,11694
799757965289017344,2016-11-18 23:35:32+00:00,This is Sobe. She's a h*ckin happy doggo. Only one leg tho. Must have good balance. 13/10 would smile back https://t.co/OiH8PaOxB1,"https://twitter.com/dog_rates/status/799757965289017345/photo/1,https://twitter.com/dog_rates/status/799757965289017345/photo/1,https://twitter.com/dog_rates/status/799757965289017345/photo/1,https://twitter.com/dog_rates/status/799757965289017345/photo/1",Sobe,doggo,1.3,https://pbs.twimg.com/media/CxlPnoSUcAEXf1i.jpg,Border_collie,0.442534,True,collie,0.288684,True,Shetland_sheepdog,0.196399,True,2506,9390
786363235746385920,2016-10-13 00:29:39+00:00,This is Rizzo. He has many talents. A true renaissance doggo. 13/10 entertaining af https://t.co/TVXpEJB7Wn,"https://twitter.com/dog_rates/status/786363235746385920/photo/1,https://twitter.com/dog_rates/status/786363235746385920/photo/1,https://twitter.com/dog_rates/status/786363235746385920/photo/1,https://twitter.com/dog_rates/status/786363235746385920/photo/1",Rizzo,doggo,1.3,https://pbs.twimg.com/media/Cum5LlfWAAAyPcS.jpg,golden_retriever,0.929266,True,Labrador_retriever,0.0628667,True,Saluki,0.00215669,True,4072,12189
782747134529531904,2016-10-03 01:00:34+00:00,This is Deacon. He's the happiest almost dry doggo I've ever seen. 11/10 would smile back https://t.co/C6fUMnHt1H,https://twitter.com/dog_rates/status/782747134529531904/photo/1,Deacon,doggo,1.1,https://pbs.twimg.com/media/CtzgXgeXYAA1Gxw.jpg,golden_retriever,0.560699,True,otterhound,0.199482,True,clumber,0.0406818,True,1604,8310
782305867769217024,2016-10-01 19:47:08+00:00,This is Sampson. He just graduated. Ready to be a doggo now. Time for the real world. 12/10 have fun with taxes https://t.co/pgVKxRw0s1,"https://twitter.com/dog_rates/status/782305867769217024/photo/1,https://twitter.com/dog_rates/status/782305867769217024/photo/1,https://twitter.com/dog_rates/status/782305867769217024/photo/1",Sampson,doggo,1.2,https://pbs.twimg.com/media/CttPBt0WIAAcsDE.jpg,briard,0.5044270000000001,True,soft-coated_wheaten_terrier,0.390678,True,Lhasa,0.0345955,True,6470,18630
775364825476165632,2016-09-12 16:05:54+00:00,This is Finley. He's an independent doggo still adjusting to life on his own. 11/10 https://t.co/7FNcBaKbci,"https://twitter.com/dog_rates/status/775364825476165632/photo/1,https://twitter.com/dog_rates/status/775364825476165632/photo/1,https://twitter.com/dog_rates/status/775364825476165632/photo/1,https://twitter.com/dog_rates/status/775364825476165632/photo/1",Finley,doggo,1.1,https://pbs.twimg.com/media/CsKmMB2WAAAXcAy.jpg,beagle,0.571229,True,Chihuahua,0.175257,True,Pembroke,0.034306300000000005,True,3472,8295
760893934457552896,2016-08-03 17:43:45+00:00,This is Wishes. He has the day off. Daily struggles of being a doggo have finally caught up with him. 11/10 https://t.co/H9YgrUkYwa,https://twitter.com/dog_rates/status/760893934457552897/photo/1,Wishes,doggo,1.1,https://pbs.twimg.com/media/Co88_ujWEAErCg7.jpg,Blenheim_spaniel,0.113992,True,cocker_spaniel,0.10578,True,borzoi,0.0739345,True,1104,4228
748932637671223296,2016-07-01 17:33:49+00:00,Say hello to Divine Doggo. Must be magical af. 13/10 would be an honor to pet https://t.co/BbcABzohKb,https://twitter.com/dog_rates/status/748932637671223296/photo/1,Divine,doggo,1.3,https://pbs.twimg.com/media/CmS-QkQWAAAkUa-.jpg,borzoi,0.742912,True,wire-haired_fox_terrier,0.204082,True,English_setter,0.0210323,True,2564,6461
735256018284875776,2016-05-24 23:47:49+00:00,This is Kellogg. He accidentally opened the front facing camera. 8/10 get it together doggo https://t.co/MRYv7nDPyS,https://twitter.com/dog_rates/status/735256018284875776/photo/1,Kellogg,doggo,0.8,https://pbs.twimg.com/media/CjQnclkVEAA4pnK.jpg,Staffordshire_bullterrier,0.523191,True,French_bulldog,0.351104,True,doormat,0.0280753,False,993,3675
883360690899218432,2017-07-07 16:22:55+00:00,Meet Grizzwald. He may be the floofiest floofer I ever did see. Lost eyes saving a schoolbus from a volcano erpuption. 13/10 heroic as h*ck https://t.co/rf661IFEYP,https://twitter.com/dog_rates/status/883360690899218434/photo/1,Grizzwald,floofer,1.3,https://pbs.twimg.com/media/DEJT3FeXoAAtwUy.jpg,chow,0.987997,True,Tibetan_mastiff,0.00709872,True,Newfoundland,0.00214033,True,3825,22986
800388270626521088,2016-11-20 17:20:08+00:00,This is Doc. He takes time out of every day to worship our plant overlords. 12/10 quite the floofer https://t.co/azMneS6Ly5,"https://twitter.com/dog_rates/status/800388270626521089/photo/1,https://twitter.com/dog_rates/status/800388270626521089/photo/1,https://twitter.com/dog_rates/status/800388270626521089/photo/1",Doc,floofer,1.2,https://pbs.twimg.com/media/CxuM3oZW8AEhO5z.jpg,golden_retriever,0.35986,True,Pembroke,0.194207,True,collie,0.154603,True,3265,12456
749317047558017024,2016-07-02 19:01:20+00:00,This is Blu. He's a wild bush Floofer. I wish anything made me as happy as bushes make Blu. 12/10 would frolic with https://t.co/HHUAnBb6QB,https://twitter.com/dog_rates/status/749317047558017024/video/1,Blu,floofer,1.2,https://pbs.twimg.com/ext_tw_video_thumb/749316899712950272/pu/img/nvZI9mkoAxt89sul.jpg,wire-haired_fox_terrier,0.155144,True,Lakeland_terrier,0.108382,True,buckeye,0.0746167,False,2509,6076
733822306246479872,2016-05-21 00:50:46+00:00,This is Moose. He's a Polynesian Floofer. Dapper af. 10/10 would pet diligently https://t.co/mVfqRdppTL,https://twitter.com/dog_rates/status/733822306246479872/photo/1,Moose,floofer,1.0,https://pbs.twimg.com/media/Ci8Pfg_UUAA2m9i.jpg,Lhasa,0.457356,True,Shih-Tzu,0.371282,True,Tibetan_terrier,0.048359,True,1141,4015
685307451701334016,2016-01-08 03:50:03+00:00,Say hello to Petrick. He's an Altostratus Floofer. Just had a run in with a trash bag. Groovy checkered floor. 11/10 https://t.co/rwW7z1JAOF,https://twitter.com/dog_rates/status/685307451701334016/photo/1,Petrick,floofer,1.1,https://pbs.twimg.com/media/CYKzfTTWMAEeTN7.jpg,Pomeranian,0.963176,True,Shetland_sheepdog,0.0194683,True,keeshond,0.00860493,True,496,2262
886366144734445568,2017-07-15 23:25:31+00:00,This is Roscoe. Another pupper fallen victim to spontaneous tongue ejections. Get the BlepiPen immediate. 12/10 deep breaths Roscoe https://t.co/RGE08MIJox,"https://twitter.com/dog_rates/status/886366144734445568/photo/1,https://twitter.com/dog_rates/status/886366144734445568/photo/1",Roscoe,pupper,1.2,https://pbs.twimg.com/media/DE0BTnQUwAApKEH.jpg,French_bulldog,0.999201,True,Chihuahua,0.000361178,True,Boston_bull,7.55616e-05,True,3316,21524
882762694511734784,2017-07-06 00:46:41+00:00,This is Gus. He's quite the cheeky pupper. Already perfected the disinterested wink. 12/10 would let steal my girl https://t.co/D43I96SlVu,https://twitter.com/dog_rates/status/882762694511734784/photo/1,Gus,pupper,1.2,https://pbs.twimg.com/media/DEAz_HHXsAA-p_z.jpg,Labrador_retriever,0.85005,True,Chesapeake_Bay_retriever,0.074257,True,flat-coated_retriever,0.015579399999999997,True,5134,28903
876838120628539392,2017-06-19 16:24:33+00:00,This is Ginger. She's having a ruff Monday. Too many pupper things going on. H*ckin exhausting. 12/10 would snug passionately https://t.co/j211oCDRs6,"https://twitter.com/dog_rates/status/876838120628539392/photo/1,https://twitter.com/dog_rates/status/876838120628539392/photo/1",Ginger,pupper,1.2,https://pbs.twimg.com/media/DCsnnZsVwAEfkyi.jpg,bloodhound,0.575751,True,redbone,0.24097,True,Tibetan_mastiff,0.08893480000000001,True,3506,21125
874296783580663808,2017-06-12 16:06:11+00:00,This is Jed. He may be the fanciest pupper in the game right now. Knows it too. 13/10 would sign modeling contract https://t.co/0YplNnSMEm,https://twitter.com/dog_rates/status/874296783580663808/photo/1,Jed,pupper,1.3,https://pbs.twimg.com/media/DCIgSR0XgAANEOY.jpg,cocker_spaniel,0.437216,True,miniature_poodle,0.277191,True,toy_poodle,0.157402,True,4308,26651
873213775632977920,2017-06-09 16:22:42+00:00,"This is Sierra. She's one precious pupper. Absolute 12/10. Been in and out of ICU her whole life. Help Sierra below

https://t.co/Xp01EU3qyD https://t.co/V5lkvrGLdQ","https://www.gofundme.com/help-my-baby-sierra-get-better,https://twitter.com/dog_rates/status/873213775632977920/photo/1,https://twitter.com/dog_rates/status/873213775632977920/photo/1",Sierra,pupper,1.2,https://pbs.twimg.com/media/DB5HTBGXUAE0TiK.jpg,vizsla,0.6197819999999999,True,bloodhound,0.338069,True,Chesapeake_Bay_retriever,0.0126763,True,1667,7467
871762521631449088,2017-06-05 16:15:56+00:00,This is Rover. As part of pupper protocol he had to at least attempt to eat the plant. Confirmed not tasty. Needs peanut butter. 12/10 https://t.co/AiVljI6QCg,"https://twitter.com/dog_rates/status/871762521631449091/photo/1,https://twitter.com/dog_rates/status/871762521631449091/photo/1,https://twitter.com/dog_rates/status/871762521631449091/photo/1",Rover,pupper,1.2,https://pbs.twimg.com/media/DBkfY58XcAEdzZy.jpg,Labrador_retriever,0.921393,True,golden_retriever,0.064608,True,bloodhound,0.00338337,True,3678,20787
866450705531457536,2017-05-22 00:28:40+00:00,"This is Jamesy. He gives a kiss to every other pupper he sees on his walk. 13/10 such passion, much tender https://t.co/wk7TfysWHr","https://twitter.com/dog_rates/status/866450705531457537/photo/1,https://twitter.com/dog_rates/status/866450705531457537/photo/1",Jamesy,pupper,1.3,https://pbs.twimg.com/media/DAZAUfBXcAAG_Nn.jpg,French_bulldog,0.905334,True,Boston_bull,0.0780597,True,pug,0.00177092,True,32883,106827
850019790995546112,2017-04-06 16:18:05+00:00,Say hello to Boomer. He's a sandy pupper. Having a h*ckin blast. 12/10 would pet passionately https://t.co/ecb3LvExde,"https://twitter.com/dog_rates/status/850019790995546112/photo/1,https://twitter.com/dog_rates/status/850019790995546112/photo/1,https://twitter.com/dog_rates/status/850019790995546112/photo/1",Boomer,pupper,1.2,https://pbs.twimg.com/media/C8vgfTsXgAA561h.jpg,Shetland_sheepdog,0.759907,True,collie,0.107405,True,Pembroke,0.052335300000000015,True,5459,21944
845306882940190720,2017-03-24 16:10:40+00:00,This is Pickles. She's a silly pupper. Thinks she's a dish. 12/10 would dry https://t.co/7mPCF4ZwEk,https://twitter.com/dog_rates/status/845306882940190720/photo/1,Pickles,pupper,1.2,https://pbs.twimg.com/media/C7siH5DXkAACnDT.jpg,Irish_water_spaniel,0.567475,True,Labrador_retriever,0.169496,True,curly-coated_retriever,0.101518,True,6039,25225
837110210464448512,2017-03-02 01:20:01+00:00,This is Clark. He passed pupper training today. Round of appaws for Clark. 13/10 https://t.co/7pUjwe8X6B,https://twitter.com/dog_rates/status/837110210464448512/photo/1,Clark,pupper,1.3,https://pbs.twimg.com/media/C54DS1kXQAEU5pS.jpg,Siberian_husky,0.767696,True,Eskimo_dog,0.217079,True,malamute,0.0116568,True,2731,17480
833124694597443584,2017-02-19 01:23:00+00:00,This is Gidget. She's a spy pupper. Stealthy as h*ck. Must've slipped pup and got caught. 12/10 would forgive then pet https://t.co/zD97KYFaFa,"https://twitter.com/dog_rates/status/833124694597443584/photo/1,https://twitter.com/dog_rates/status/833124694597443584/photo/1,https://twitter.com/dog_rates/status/833124694597443584/photo/1",Gidget,pupper,1.2,https://pbs.twimg.com/media/C4_ad1IUoAEspsk.jpg,Cardigan,0.7105229999999999,True,kelpie,0.106102,True,shopping_cart,0.0554755,False,5513,22133
827933404142436352,2017-02-04 17:34:40+00:00,This is Kona. Yesterday she stopped by the department to see what it takes to be a police pupper. 12/10 vest was only a smidge too big https://t.co/j8D3PQJvpJ,"https://twitter.com/dog_rates/status/827933404142436356/photo/1,https://twitter.com/dog_rates/status/827933404142436356/photo/1,https://twitter.com/dog_rates/status/827933404142436356/photo/1",Kona,pupper,1.2,https://pbs.twimg.com/media/C31pCN4UcAAOLNH.jpg,German_shepherd,0.8061149999999999,True,Tibetan_mastiff,0.104831,True,kelpie,0.0381482,True,5987,22180
822462944365645824,2017-01-20 15:17:01+00:00,"This is Gabe. He was the unequivocal embodiment of a dream meme, but also one h*ck of a pupper. You will be missed by so many. 14/10 RIP https://t.co/M3hZGadUuO","https://twitter.com/dog_rates/status/822462944365645825/photo/1,https://twitter.com/dog_rates/status/822462944365645825/photo/1,https://twitter.com/dog_rates/status/822462944365645825/photo/1,https://twitter.com/dog_rates/status/822462944365645825/photo/1",Gabe,pupper,1.4,https://pbs.twimg.com/media/C2n5rUUXEAIXAtv.jpg,Pomeranian,0.960199,True,Samoyed,0.0230563,True,Maltese_dog,0.00894488,True,17209,31800
814986499976527872,2016-12-31 00:08:17+00:00,This is Cooper. Someone attacked him with a sharpie. Poor pupper. 11/10 nifty tongue slip tho https://t.co/01vpuRDXQ8,https://twitter.com/dog_rates/status/814986499976527872/photo/1,Cooper,pupper,1.1,https://pbs.twimg.com/media/C09p5dJWIAE5qKL.jpg,dalmatian,0.999828,True,boxer,6.78061e-05,True,American_Staffordshire_terrier,3.42436e-05,True,1505,8485
811386762094317568,2016-12-21 01:44:13+00:00,This is Craig. That's actually a normal sized fence he's stuck on. H*ckin massive pupper. 11/10 someone help him https://t.co/aAUXzoxaBy,https://twitter.com/dog_rates/status/811386762094317568/photo/1,Craig,pupper,1.1,https://pbs.twimg.com/media/C0Kf9PtWQAEW4sE.jpg,Pembroke,0.804177,True,Cardigan,0.18989,True,beagle,0.00196475,True,7444,23302
807621403335917568,2016-12-10 16:22:02+00:00,This is Ollie Vue. He was a 3 legged pupper on a mission to overcome everything. This is very hard to write. 14/10 we will miss you Ollie https://t.co/qTRY2qX9y4,"https://twitter.com/dog_rates/status/807621403335917568/photo/1,https://twitter.com/dog_rates/status/807621403335917568/photo/1,https://twitter.com/dog_rates/status/807621403335917568/photo/1,https://twitter.com/dog_rates/status/807621403335917568/photo/1",Ollie,pupper,1.4,https://pbs.twimg.com/media/CzU_YVGUUAA3Xsd.jpg,golden_retriever,0.873233,True,cocker_spaniel,0.0336933,True,chow,0.0204084,True,4288,16236
778027034220126208,2016-09-20 00:24:34+00:00,This is Sophie. She's a Jubilant Bush Pupper. Super h*ckin rare. Appears at random just to smile at the locals. 11.27/10 would smile back https://t.co/QFaUiIHxHq,https://twitter.com/dog_rates/status/778027034220126208/photo/1,Sophie,pupper,1.1,https://pbs.twimg.com/media/Cswbc2yWcAAVsCJ.jpg,clumber,0.946718,True,cocker_spaniel,0.0159499,True,Lhasa,0.00651911,True,1885,7320
776477788987613184,2016-09-15 17:48:25+00:00,This is Huck. He's addicted to caffeine. Hope it's not too latte to seek help. 11/10 stay strong pupper https://t.co/iJE3F0VozW,"https://twitter.com/dog_rates/status/776477788987613185/photo/1,https://twitter.com/dog_rates/status/776477788987613185/photo/1",Huck,pupper,1.1,https://pbs.twimg.com/media/CsaaaaxWgAEfzM7.jpg,Labrador_retriever,0.8848389999999999,True,Chesapeake_Bay_retriever,0.0575651,True,paintbrush,0.00576608,False,3249,9858
773547596996571136,2016-09-07 15:44:53+00:00,This is Chelsea. She forgot how to dog. 11/10 get it together pupper https://t.co/nBJ5RE4yHb,https://twitter.com/dog_rates/status/773547596996571136/photo/1,Chelsea,pupper,1.1,https://pbs.twimg.com/media/Crwxb5yWgAAX5P_.jpg,Norwegian_elkhound,0.372202,True,Chesapeake_Bay_retriever,0.13718699999999998,True,malamute,0.07143619999999999,True,7126,24553
772193107915964416,2016-09-03 22:02:38+00:00,This is Willem. He's a Penn State pupper. Thinks the hood makes him more intimidating. It doesn't. 12/10 https://t.co/Dp0s7MRIHK,https://twitter.com/dog_rates/status/772193107915964416/photo/1,Willem,pupper,1.2,https://pbs.twimg.com/media/Crdhh_1XEAAHKHi.jpg,Pembroke,0.367945,True,Chihuahua,0.223522,True,Pekinese,0.164871,True,1612,6665
765371061932261376,2016-08-16 02:14:15+00:00,This is Louie. He's had a long day. Did a lot of pupper things. Also appears to be rather heckin pettable. 11/10 https://t.co/w2qDmoTIZ5,"https://twitter.com/dog_rates/status/765371061932261376/photo/1,https://twitter.com/dog_rates/status/765371061932261376/photo/1",Louie,pupper,1.1,https://pbs.twimg.com/media/Cp8k6oRWcAUL78U.jpg,golden_retriever,0.829456,True,Labrador_retriever,0.08937089999999999,True,kuvasz,0.0170275,True,2475,7842
756939218950160384,2016-07-23 19:49:07+00:00,This is Jax. He is a majestic mountain pupper. Thinks flat ground is for the weak. 12/10 would totally hike with https://t.co/KGdeHuFJnH,https://twitter.com/dog_rates/status/756939218950160384/photo/1,Jax,pupper,1.2,https://pbs.twimg.com/media/CoEwMXeWEAAaIz5.jpg,golden_retriever,0.790371,True,cocker_spaniel,0.130268,True,Labrador_retriever,0.0646287,True,2295,7342
750868782890057728,2016-07-07 01:47:22+00:00,Meet Milo. He hauled ass until he ran out of treadmill and then passed out from exhaustion. 11/10 sleep tight pupper https://t.co/xe1aGZNkcC,"https://twitter.com/dog_rates/status/750868782890057730/photo/1,https://twitter.com/dog_rates/status/750868782890057730/photo/1,https://twitter.com/dog_rates/status/750868782890057730/photo/1,https://twitter.com/dog_rates/status/750868782890057730/photo/1",Milo,pupper,1.1,https://pbs.twimg.com/media/CmufLLsXYAAsU0r.jpg,toy_poodle,0.912648,True,miniature_poodle,0.0350592,True,seat_belt,0.0263756,False,1595,5306
750383411068534784,2016-07-05 17:38:41+00:00,This is Zoe. She was trying to stealthily take a picture of you but you just noticed. 9/10 not so sneaky pupper https://t.co/FfH3o88Vta,https://twitter.com/dog_rates/status/750383411068534784/photo/1,Zoe,pupper,0.9,https://pbs.twimg.com/media/CmnluwbXEAAqnkw.jpg,Border_collie,0.672791,True,collie,0.270188,True,papillon,0.0345039,True,1309,5005
749417653287129088,2016-07-03 01:41:06+00:00,This is Finn. He's the most unphotogenic pupper of all time. 11/10 https://t.co/qvA2rCUl6v,"https://twitter.com/dog_rates/status/749417653287129088/photo/1,https://twitter.com/dog_rates/status/749417653287129088/photo/1,https://twitter.com/dog_rates/status/749417653287129088/photo/1,https://twitter.com/dog_rates/status/749417653287129088/photo/1",Finn,pupper,1.1,https://pbs.twimg.com/media/CmZ3YH9WEAAowi3.jpg,papillon,0.772894,True,Shetland_sheepdog,0.0424076,True,collie,0.0423131,True,1904,6721
741743634094141440,2016-06-11 21:27:17+00:00,Meet Aqua. She's a sandy pupper. Not sure how she feels about being so sandy. Radical tongue slip. 11/10 petable af https://t.co/rYxJ0UQtbE,"https://twitter.com/dog_rates/status/741743634094141440/photo/1,https://twitter.com/dog_rates/status/741743634094141440/photo/1,https://twitter.com/dog_rates/status/741743634094141440/photo/1",Aqua,pupper,1.1,https://pbs.twimg.com/media/Cksz42EW0AAh2NF.jpg,Labrador_retriever,0.786089,True,flat-coated_retriever,0.0486524,True,Chesapeake_Bay_retriever,0.0346933,True,3144,8945
739606147276148736,2016-06-05 23:53:41+00:00,Meet Benji. He just turned 1. Has already given up on a traditional pupper physique. Just inhaled that thing. 9/10 https://t.co/sLUC4th3Zj,"https://twitter.com/dog_rates/status/739606147276148736/photo/1,https://twitter.com/dog_rates/status/739606147276148736/photo/1,https://twitter.com/dog_rates/status/739606147276148736/photo/1",Benji,pupper,0.9,https://pbs.twimg.com/media/CkOb3FXW0AAUL_U.jpg,Blenheim_spaniel,0.933755,True,cocker_spaniel,0.0417194,True,Brittany_spaniel,0.00671256,True,1876,5897
735137028879360000,2016-05-24 15:55:00+00:00,Meet Buckley. His family &amp; some neighbors came over to watch him perform but he's nervous af. 9/10 u got this pupper https://t.co/5bdCpPlno9,https://twitter.com/dog_rates/status/735137028879360001/photo/1,Buckley,pupper,0.9,https://pbs.twimg.com/media/CjO7OfeWgAAUQy-.jpg,Walker_hound,0.413535,True,beagle,0.233891,True,English_foxhound,0.164943,True,1092,3428
730573383004487680,2016-05-12 01:40:42+00:00,This is Rooney. He can't comprehend glass. 10/10 it'll be ok pupper https://t.co/CnUl2uDBBV,"https://twitter.com/dog_rates/status/730573383004487680/photo/1,https://twitter.com/dog_rates/status/730573383004487680/photo/1,https://twitter.com/dog_rates/status/730573383004487680/photo/1",Rooney,pupper,1.0,https://pbs.twimg.com/media/CiOEnI6WgAAmq4E.jpg,American_Staffordshire_terrier,0.810158,True,Labrador_retriever,0.058204999999999986,True,Weimaraner,0.027929500000000003,True,2435,5407
728015554473250816,2016-05-05 00:16:48+00:00,This is Rueben. He has reached ultimate pupper zen state. 11/10 tranquil af https://t.co/Z167HgtnBi,https://twitter.com/dog_rates/status/728015554473250816/photo/1,Rueben,pupper,1.1,https://pbs.twimg.com/media/ChpuRyvVAAARMoq.jpg,cocker_spaniel,0.384559,True,golden_retriever,0.091661,True,sandbar,0.0817989,False,1219,4479
725786712245440512,2016-04-28 20:40:11+00:00,Say hello to Lillie. She's a Rutabagan Floofem. Poor pupper ate and then passed out. 11/10 relatable af https://t.co/uIdGqug9rw,https://twitter.com/dog_rates/status/725786712245440512/photo/1,Lillie,pupper,1.1,https://pbs.twimg.com/media/ChKDKmIWIAIJP_e.jpg,chow,0.33576100000000003,True,Samoyed,0.167173,True,kuvasz,0.145715,True,1527,4537
724405726123311104,2016-04-25 01:12:38+00:00,This is Ashleigh. She's having Coachella withdrawals. Didn't even go tho. 10/10 stay strong pupper https://t.co/nRUaKWnJfH,https://twitter.com/dog_rates/status/724405726123311104/photo/1,Ashleigh,pupper,1.0,https://pbs.twimg.com/media/Cg2bKLAWwAA0WEm.jpg,golden_retriever,0.240695,True,cocker_spaniel,0.202444,True,feather_boa,0.159348,False,1847,5800
721001180231503872,2016-04-15 15:44:11+00:00,This is Oliver. Bath time is upon him. His fear of the wetness postpones his ultimate pupper destiny. 11/10 https://t.co/AFzzKqR4tT,https://twitter.com/dog_rates/status/721001180231503872/photo/1,Oliver,pupper,1.1,https://pbs.twimg.com/media/CgGCvxAUkAAx55r.jpg,Samoyed,0.950053,True,washbasin,0.00632139,False,tub,0.00624335,False,686,2748
717009362452090880,2016-04-04 15:22:08+00:00,This is Smokey. He's having some sort of existential crisis. 10/10 hang in there pupper https://t.co/JmgF4dMpw0,https://twitter.com/dog_rates/status/717009362452090881/photo/1,Smokey,pupper,1.0,https://pbs.twimg.com/media/CfNUNetW8AAekHx.jpg,Siberian_husky,0.506154,True,Eskimo_dog,0.269656,True,malamute,0.0606585,True,1102,3583
711008018775851008,2016-03-19 01:54:56+00:00,This is Chuckles. He had a balloon but he accidentally let go of it and it floated away. 11/10 hang in there pupper https://t.co/68iNM7B5gW,https://twitter.com/dog_rates/status/711008018775851008/photo/1,Chuckles,pupper,1.1,https://pbs.twimg.com/media/Cd4CBQFW8AAY3ND.jpg,French_bulldog,0.731405,True,Boston_bull,0.150672,True,pug,0.0218109,True,710,3275
707315916783140864,2016-03-08 21:23:50+00:00,This is Finnegus. He's trapped in a snow globe. Poor pupper. 10/10 would make sure no one shook it https://t.co/BjpOa52jQ4,"https://twitter.com/dog_rates/status/707315916783140866/photo/1,https://twitter.com/dog_rates/status/707315916783140866/photo/1",Finnegus,pupper,1.0,https://pbs.twimg.com/media/CdDkEkHWwAAAeUJ.jpg,Bernese_mountain_dog,0.979235,True,Shetland_sheepdog,0.0110368,True,Appenzeller,0.00397111,True,727,2698
705975130514706432,2016-03-05 04:36:02+00:00,This is Adele. Her tongue flies out of her mouth at random. It's a debilitating illness. 10/10 stay strong pupper https://t.co/cfn81n3FLO,"https://twitter.com/dog_rates/status/705975130514706432/photo/1,https://twitter.com/dog_rates/status/705975130514706432/photo/1",Adele,pupper,1.0,https://pbs.twimg.com/media/CcwgjmuXIAEQoSd.jpg,Staffordshire_bullterrier,0.5877640000000001,True,American_Staffordshire_terrier,0.281429,True,bull_mastiff,0.0947981,True,842,3397
705428427625635840,2016-03-03 16:23:38+00:00,This is Ambrose. He's an Alfalfa Ballyhoo. Draws pistol fast af. Pretty much runs the frontier. 11/10 lethal pupper https://t.co/ih6epBOxIA,https://twitter.com/dog_rates/status/705428427625635840/photo/1,Ambrose,pupper,1.1,https://pbs.twimg.com/media/CcovaMUXIAApFDl.jpg,Chihuahua,0.774792,True,quilt,0.0730794,False,Pembroke,0.0223651,True,1931,4188
703611486317502464,2016-02-27 16:03:45+00:00,Meet Scooter. He's experiencing the pupper equivalent of dropping ur phone in a toilet 10/10 put it in some rice pup https://t.co/JSmX1FIEaW,https://twitter.com/dog_rates/status/703611486317502464/photo/1,Scooter,pupper,1.0,https://pbs.twimg.com/media/CcO66OjXEAASXmH.jpg,Pembroke,0.756441,True,basenji,0.126621,True,Cardigan,0.08011669999999999,True,1709,4229
702598099714314240,2016-02-24 20:56:55+00:00,"This is Sansa. She's gotten too big for her chair. Not so smol anymore. 11/10 once a pupper, always a pupper https://t.co/IpAoztle2s",https://twitter.com/dog_rates/status/702598099714314240/photo/1,Sansa,pupper,1.1,https://pbs.twimg.com/media/CcAhPevW8AAoknv.jpg,kelpie,0.219179,True,badger,0.13358399999999998,False,Siamese_cat,0.07443999999999999,False,3712,11332
701545186879471616,2016-02-21 23:13:01+00:00,Meet Millie. She's practicing her dive form for Rio. It's nearly perfect. Dedicated af. 10/10 go for gold pupper https://t.co/SDVkc4m96M,https://twitter.com/dog_rates/status/701545186879471618/photo/1,Millie,pupper,1.0,https://pbs.twimg.com/media/CbxjnyOWAAAWLUH.jpg,Border_collie,0.280893,True,Cardigan,0.11255,True,toy_terrier,0.0533172,True,680,2902
699801817392291840,2016-02-17 03:45:29+00:00,This is Cooper. He began to tear up when his bone was taken from him. 11/10 stay strong pupper https://t.co/qI8yvqKG02,"https://twitter.com/dog_rates/status/699801817392291840/photo/1,https://twitter.com/dog_rates/status/699801817392291840/photo/1,https://twitter.com/dog_rates/status/699801817392291840/photo/1,https://twitter.com/dog_rates/status/699801817392291840/photo/1",Cooper,pupper,1.1,https://pbs.twimg.com/media/CbYyCMcWIAAHHjF.jpg,golden_retriever,0.808978,True,Irish_setter,0.0424281,True,Labrador_retriever,0.0235364,True,1088,3345
695074328191332352,2016-02-04 02:40:08+00:00,This is Lorenzo. He's educated af. Just graduated college. 11/10 poor pupper can't even comprehend his debt https://t.co/dH3GzcjCtQ,https://twitter.com/dog_rates/status/695074328191332352/photo/1,Lorenzo,pupper,1.1,https://pbs.twimg.com/media/CaVmajOWYAA1uNG.jpg,Shih-Tzu,0.5101060000000001,True,Tibetan_terrier,0.0719809,True,Lhasa,0.069231,True,1239,3116
694329668942569472,2016-02-02 01:21:07+00:00,Meet Grady. He's very hungry. Too bad no one can find his food bowl. 9/10 poor pupper https://t.co/oToIkYnEGn,https://twitter.com/dog_rates/status/694329668942569472/photo/1,Grady,pupper,0.9,https://pbs.twimg.com/media/CaLBJmOWYAQt44t.jpg,boxer,0.99006,True,bull_mastiff,0.00743627,True,Saint_Bernard,0.00161729,True,569,2203
692905862751522816,2016-01-29 03:03:25+00:00,This is Wally. He's being abducted by aliens. 10/10 poor pupper https://t.co/EiF659Bgjn,https://twitter.com/dog_rates/status/692905862751522816/photo/1,Wally,pupper,1.0,https://pbs.twimg.com/media/CZ2yNKhWEAA_7cb.jpg,Mexican_hairless,0.162638,True,Doberman,0.15628699999999998,True,Rhodesian_ridgeback,0.0814778,True,998,2683
689905486972461056,2016-01-20 20:21:00+00:00,"Say hello to Gizmo. He's quite the pupper. Confused by bed, but agile af. Can barely catch on camera. 11/10 so quick https://t.co/IE4ZblyZRY","https://twitter.com/dog_rates/status/689905486972461056/photo/1,https://twitter.com/dog_rates/status/689905486972461056/photo/1,https://twitter.com/dog_rates/status/689905486972461056/photo/1,https://twitter.com/dog_rates/status/689905486972461056/photo/1",Gizmo,pupper,1.1,https://pbs.twimg.com/media/CZMJYCRVAAE35Wk.jpg,Pomeranian,0.943331,True,Shetland_sheepdog,0.0236751,True,chow,0.00716495,True,787,2651
689623661272240128,2016-01-20 01:41:08+00:00,This is Lucy. She's terrified of the stuffed billed dog. 10/10 stay strong pupper https://t.co/QnvSjjyh7n,"https://twitter.com/dog_rates/status/689623661272240129/photo/1,https://twitter.com/dog_rates/status/689623661272240129/photo/1",Lucy,pupper,1.0,https://pbs.twimg.com/media/CZIJD2SWIAMJgNI.jpg,toy_poodle,0.279604,True,mashed_potato,0.208564,False,Labrador_retriever,0.07748089999999999,True,748,2467
689143371370250240,2016-01-18 17:52:38+00:00,Meet Trip. He likes wearing costumes that aren't consistent with the season to screw with people 10/10 tricky pupper https://t.co/40w7TI5Axv,https://twitter.com/dog_rates/status/689143371370250240/photo/1,Trip,pupper,1.0,https://pbs.twimg.com/media/CZBUO2UWsAAKehS.jpg,English_springer,0.303781,True,papillon,0.165132,True,Welsh_springer_spaniel,0.149051,True,579,2232
687704180304273408,2016-01-14 18:33:48+00:00,Say hello to Blakely. He thinks that's a hat. Silly pupper. That's a nanner. 9/10 https://t.co/UwOV1jqKRt,https://twitter.com/dog_rates/status/687704180304273409/photo/1,Blakely,pupper,0.9,https://pbs.twimg.com/media/CYs3TKzUAAAF9A2.jpg,miniature_pinscher,0.956063,True,toy_terrier,0.0122306,True,Chihuahua,0.00539748,True,950,2660
686683045143953408,2016-01-11 22:56:10+00:00,This is Mona. She's a Yarborough Splishnsplash. Lost body during Nam. 11/10 revolutionary pupper https://t.co/pgD6h0yhgz,https://twitter.com/dog_rates/status/686683045143953408/photo/1,Mona,pupper,1.1,https://pbs.twimg.com/media/CYeWlh0WAAADhsj.jpg,Norwich_terrier,0.100499,True,cocker_spaniel,0.0806711,True,golden_retriever,0.0794062,True,912,3072
686618349602762752,2016-01-11 18:39:05+00:00,This is Olivia. She just saw an adult wearing crocs. 11/10 poor pupper. No one should witness such a thing https://t.co/yJVTi1DjJc,https://twitter.com/dog_rates/status/686618349602762752/photo/1,Olivia,pupper,1.1,https://pbs.twimg.com/media/CYdbvwjWcAEtjYu.jpg,Rottweiler,0.441331,True,miniature_pinscher,0.23318000000000005,True,Gordon_setter,0.093582,True,1544,4042
686377065986265088,2016-01-11 02:40:19+00:00,Meet Birf. He thinks he's gone blind. 10/10 very frightened pupper https://t.co/oDkspjNWYX,https://twitter.com/dog_rates/status/686377065986265092/photo/1,Birf,pupper,1.0,https://pbs.twimg.com/media/CYaAS2kUoAINkye.jpg,German_shepherd,0.830816,True,Leonberg,0.0763252,True,bloodhound,0.0374486,True,637,2433
685641971164143616,2016-01-09 01:59:19+00:00,This is Otis. He just passed a cop while going 61 in a 45. Very nervous pupper. 7/10 https://t.co/jJS8qQeuNO,https://twitter.com/dog_rates/status/685641971164143616/photo/1,Otis,pupper,0.7,https://pbs.twimg.com/media/CYPjvFqW8AAgiP2.jpg,Lakeland_terrier,0.253839,True,Airedale,0.213349,True,three-toed_sloth,0.0838341,False,885,3218
685268753634967552,2016-01-08 01:16:17+00:00,This is Hubertson. He's a Carmel Haberdashery. Enjoys long summer days on his boat. Very peaceful pupper. 10/10 https://t.co/vzCl35fKlZ,https://twitter.com/dog_rates/status/685268753634967552/photo/1,Hubertson,pupper,1.0,https://pbs.twimg.com/media/CYKQS0xUQAEOptC.jpg,pug,0.999044,True,Norwegian_elkhound,0.000546586,True,bull_mastiff,0.000235195,True,1371,3419
685169283572338688,2016-01-07 18:41:01+00:00,Meet Gerbald. He just found out he's adopted. Poor pupper. Snazzy tongue tho. 11/10 would hold close in time of need https://t.co/UfGkB9Wrud,https://twitter.com/dog_rates/status/685169283572338688/photo/1,Gerbald,pupper,1.1,https://pbs.twimg.com/media/CYI10WhWsAAjzii.jpg,Bernese_mountain_dog,0.975096,True,Appenzeller,0.0145781,True,EntleBucher,0.00594348,True,1620,4489
683481228088049664,2016-01-03 02:53:17+00:00,Meet Banjo. He's a Peppercorn Shoop Da Whoop. Nails look lethal. Skeptical of luminescent orb 11/10 stay woke pupper https://t.co/H7NZFumpKq,https://twitter.com/dog_rates/status/683481228088049664/photo/1,Banjo,pupper,1.1,https://pbs.twimg.com/media/CXw2jSpWMAAad6V.jpg,keeshond,0.508951,True,chow,0.442016,True,German_shepherd,0.013206,True,1118,2878
683142553609318400,2016-01-02 04:27:31+00:00,Meet Brandy. She's a member of the Bloods. Menacing criminal pupper. Soft spot for flowers tho. 9/10 pet w caution https://t.co/hhIA3coiAJ,https://twitter.com/dog_rates/status/683142553609318400/photo/1,Brandy,pupper,0.9,https://pbs.twimg.com/media/CXsChyjW8AQJ16C.jpg,Leonberg,0.605851,True,chow,0.18347,True,German_shepherd,0.0796619,True,1173,3162
683111407806746624,2016-01-02 02:23:45+00:00,This is Larry. He thought the New Year's parties were tonight. 10/10 poor pupper. Maybe next year https://t.co/h3X0jK8MVM,https://twitter.com/dog_rates/status/683111407806746624/photo/1,Larry,pupper,1.0,https://pbs.twimg.com/media/CXrmMSpUwAAdeRj.jpg,cocker_spaniel,0.901392,True,soft-coated_wheaten_terrier,0.0286048,True,miniature_schnauzer,0.0178054,True,1034,3736
681891461017812992,2015-12-29 17:36:07+00:00,Say hello to Charlie. He's scholarly af. Quite intimidating with all his pupper knowledge 10/10 even built that fire https://t.co/9KThv6z8u5,https://twitter.com/dog_rates/status/681891461017812993/photo/1,Charlie,pupper,1.0,https://pbs.twimg.com/media/CXaQqGbWMAAKEgN.jpg,Chihuahua,0.20357,True,doormat,0.13431600000000002,False,toy_terrier,0.0844823,True,951,2706
681694085539872768,2015-12-29 04:31:49+00:00,This is Bo. He's a Benedoop Cumbersnatch. Seems frustrated with own feet. Portable as hell. 11/10 very solid pupper https://t.co/TONMhRoQh7,https://twitter.com/dog_rates/status/681694085539872773/photo/1,Bo,pupper,1.1,https://pbs.twimg.com/media/CXXdJ7CVAAALu23.jpg,toy_poodle,0.920992,True,miniature_poodle,0.0608572,True,Maltese_dog,0.00606372,True,4581,14010
681654059175129088,2015-12-29 01:52:46+00:00,This is Toffee. He's a happy pupper. Appears dangerously fluffy. Extraordinarily spherical. 12/10 would pet firmly https://t.co/oEXEKt3MHu,https://twitter.com/dog_rates/status/681654059175129088/photo/1,Toffee,pupper,1.2,https://pbs.twimg.com/media/CXW4wGHWsAE_eBD.jpg,Pomeranian,0.800538,True,chow,0.146892,True,Pekinese,0.0376125,True,1045,2903
680836378243002368,2015-12-26 19:43:36+00:00,This is Ellie. She's secretly ferocious. 12/10 very deadly pupper https://t.co/BF4BW8LUgb,"https://twitter.com/dog_rates/status/680836378243002368/photo/1,https://twitter.com/dog_rates/status/680836378243002368/photo/1,https://twitter.com/dog_rates/status/680836378243002368/photo/1",Ellie,pupper,1.2,https://pbs.twimg.com/media/CXLREjOW8AElfk6.jpg,Pembroke,0.427781,True,Shetland_sheepdog,0.160669,True,Pomeranian,0.11125,True,1513,3766
680473011644985344,2015-12-25 19:39:43+00:00,"This is Hector. He thinks he's a hammer. Silly Hector. You're a pupper, not a hammer. 10/10 https://t.co/OdUFuZIXiI",https://twitter.com/dog_rates/status/680473011644985345/photo/1,Hector,pupper,1.0,https://pbs.twimg.com/media/CXGGlzvWYAArPfk.jpg,Lakeland_terrier,0.796694,True,West_Highland_white_terrier,0.138709,True,Norwich_terrier,0.016253399999999998,True,844,2778
680145970311643136,2015-12-24 22:00:10+00:00,Say hello to Kawhi. He was doing fine until his hat fell off. He got it back though. 10/10 deep breaths pupper https://t.co/N5pM6WBx7e,"https://twitter.com/dog_rates/status/680145970311643136/photo/1,https://twitter.com/dog_rates/status/680145970311643136/photo/1,https://twitter.com/dog_rates/status/680145970311643136/photo/1",Kawhi,pupper,1.0,https://pbs.twimg.com/media/CXBdJxLUsAAWql2.jpg,miniature_poodle,0.457117,True,toy_poodle,0.226481,True,Maltese_dog,0.0676815,True,1972,3955
679777920601223168,2015-12-23 21:37:40+00:00,This is Rinna. She's melting. 10/10 get inside pupper https://t.co/PA0czwucsb,https://twitter.com/dog_rates/status/679777920601223168/photo/1,Rinna,pupper,1.0,https://pbs.twimg.com/media/CW8OYajUMAAPRoF.jpg,bloodhound,0.5288189999999999,True,bull_mastiff,0.420119,True,French_bulldog,0.00948059,True,1281,3390
678389028614488064,2015-12-20 01:38:42+00:00,"This is Bella. She just learned that her final grade in chem was a 92.49 
poor pupper 11/10 https://t.co/auOoKuoveM",https://twitter.com/dog_rates/status/678389028614488064/photo/1,Bella,pupper,1.1,https://pbs.twimg.com/media/CWofOHUWUAACGVa.jpg,miniature_pinscher,0.516284,True,kelpie,0.227402,True,vizsla,0.103246,True,473,2044
676603393314578432,2015-12-15 03:23:14+00:00,This is Godzilla pupper. He had a ruff childhood &amp; now deflects that pain outward by terrorizing cities. Tragic 9/10 https://t.co/g1tLGkyaxr,https://twitter.com/dog_rates/status/676603393314578432/photo/1,Godzilla,pupper,0.9,https://pbs.twimg.com/media/CWPHMqKVAAAE78E.jpg,whippet,0.8770209999999999,True,Great_Dane,0.0341819,True,boxer,0.028404,True,440,1280
675845657354215424,2015-12-13 01:12:15+00:00,"This is Pepper. She's not fully comfortable riding her imaginary bike yet. 10/10 don't worry pupper, it gets easier https://t.co/40dj4eTsXG",https://twitter.com/dog_rates/status/675845657354215424/photo/1,Pepper,pupper,1.0,https://pbs.twimg.com/media/CWEWClfW4AAnqhG.jpg,pug,0.8839520000000001,True,Boston_bull,0.0110568,True,French_bulldog,0.00983981,True,1000,2477
675006312288268288,2015-12-10 17:37:00+00:00,Say hello to Mollie. This pic was taken after she bet all her toys on Ronda Rousey. 10/10 hang in there pupper https://t.co/QMmAqA9VqO,https://twitter.com/dog_rates/status/675006312288268288/photo/1,Mollie,pupper,1.0,https://pbs.twimg.com/media/CV4aqCwWsAIi3OP.jpg,boxer,0.654697,True,space_heater,0.043388800000000005,False,beagle,0.0428476,True,252,1057
674774481756377088,2015-12-10 02:15:47+00:00,This is Superpup. His head isn't proportional to his body. Has yet to serve any justice. 11/10 maybe one day pupper https://t.co/gxIFgg8ktm,https://twitter.com/dog_rates/status/674774481756377088/photo/1,Superpup,pupper,1.1,https://pbs.twimg.com/media/CV1HztsWoAAuZwo.jpg,Chihuahua,0.407016,True,French_bulldog,0.30997800000000003,True,Siamese_cat,0.227677,False,532,1213
674737130913071104,2015-12-09 23:47:22+00:00,Meet Rufio. He is unaware of the pink legless pupper wrapped around him. Might want to get that checked 10/10 &amp; 4/10 https://t.co/KNfLnYPmYh,https://twitter.com/dog_rates/status/674737130913071104/photo/1,Rufio,pupper,1.0,https://pbs.twimg.com/media/CV0l10AU8AAfg-a.jpg,Pomeranian,0.948537,True,schipperke,0.0143099,True,Chihuahua,0.00812024,True,103,693
674262580978937856,2015-12-08 16:21:41+00:00,This is Gus. He's super stoked about being an elephant. Couldn't be happier. 9/10 for elephant pupper https://t.co/gJS1qU0jP7,https://twitter.com/dog_rates/status/674262580978937856/photo/1,Gus,pupper,0.9,https://pbs.twimg.com/media/CVt2PawWIAEUkqW.jpg,Greater_Swiss_Mountain_dog,0.519428,True,boxer,0.1215,True,Staffordshire_bullterrier,0.114498,True,498,1391
674038233588723712,2015-12-08 01:30:12+00:00,This is Kaiya. She's an aspiring shoe model. 12/10 follow your dreams pupper https://t.co/nX8FiGRHvk,https://twitter.com/dog_rates/status/674038233588723717/photo/1,Kaiya,pupper,1.2,https://pbs.twimg.com/media/CVqqMtiVEAEye_L.jpg,Eskimo_dog,0.358459,True,Norwegian_elkhound,0.206963,True,malamute,0.14823599999999998,True,456,1176
673707060090052608,2015-12-07 03:34:14+00:00,This is Raymond. He's absolutely terrified of floating tennis ball. 10/10 it'll be ok pupper https://t.co/QyH1CaY3SM,"https://twitter.com/dog_rates/status/673707060090052608/photo/1,https://twitter.com/dog_rates/status/673707060090052608/photo/1",Raymond,pupper,1.0,https://pbs.twimg.com/media/CVl8_EPWoAAcuSC.jpg,German_short-haired_pointer,0.935771,True,kelpie,0.022561,True,Labrador_retriever,0.00884665,True,434,1177
673656262056419328,2015-12-07 00:12:23+00:00,This is Albert AKA King Banana Peel. He's a kind ruler of the kitchen. Very jubilant pupper. 10/10 overall great dog https://t.co/PN8hxgZ9We,https://twitter.com/dog_rates/status/673656262056419329/photo/1,Albert,pupper,1.0,https://pbs.twimg.com/media/CVlOy3pW4AQ9H1K.jpg,bull_mastiff,0.700625,True,Rhodesian_ridgeback,0.0946977,True,Brabancon_griffon,0.0575594,True,265,769
673612854080196608,2015-12-06 21:19:54+00:00,This is Jeffri. He's a speckled ice pupper. Very lazy. Enjoys the occasional swim. Rather majestic really. 7/10 https://t.co/0iyItbtkr8,https://twitter.com/dog_rates/status/673612854080196609/photo/1,Jeffri,pupper,0.7,https://pbs.twimg.com/media/CVknUTlVEAARjU5.jpg,Newfoundland,0.223101,True,Leonberg,0.111106,True,shovel,0.0856263,False,802,1691
673295268553605120,2015-12-06 00:17:55+00:00,Meet Eve. She's a raging alcoholic 8/10 (would b 11/10 but pupper alcoholism is a tragic issue that I can't condone) https://t.co/U36HYQIijg,https://twitter.com/dog_rates/status/673295268553605120/photo/1,Eve,pupper,0.8,https://pbs.twimg.com/media/CVgGc9hWIAIe1bn.jpg,golden_retriever,0.889241,True,Labrador_retriever,0.06468330000000001,True,Great_Pyrenees,0.0126126,True,3484,8046
672988786805112832,2015-12-05 04:00:04+00:00,This is Schnozz. He's had a blurred tail since birth. Hasn't let that stop him. 10/10 inspirational pupper https://t.co/a3zYMcvbXG,https://twitter.com/dog_rates/status/672988786805112832/photo/1,Schnozz,pupper,1.0,https://pbs.twimg.com/media/CVbvjKqW4AA_CuD.jpg,Lakeland_terrier,0.8366319999999999,True,West_Highland_white_terrier,0.07389960000000001,True,wire-haired_fox_terrier,0.0381601,True,314,1039
672975131468300288,2015-12-05 03:05:49+00:00,This is Chuckles. He is one skeptical pupper. 10/10 stay woke Chuckles https://t.co/ZlcF0TIRW1,https://twitter.com/dog_rates/status/672975131468300288/photo/1,Chuckles,pupper,1.0,https://pbs.twimg.com/media/CVbjRSIWsAElw2s.jpg,pug,0.8364209999999999,True,Brabancon_griffon,0.044667800000000014,True,French_bulldog,0.0365705,True,1015,1813
672594978741354496,2015-12-04 01:55:13+00:00,Meet Scott. Just trying to catch his train to work. Doesn't need everybody staring. 9/10 ignore the haters pupper https://t.co/jyXbZ35MYz,https://twitter.com/dog_rates/status/672594978741354496/photo/1,Scott,pupper,0.9,https://pbs.twimg.com/media/CVWJkJXWsAInlZl.jpg,Great_Pyrenees,0.755945,True,Old_English_sheepdog,0.0823368,True,Afghan_hound,0.0270366,True,661,1411
672481316919734272,2015-12-03 18:23:34+00:00,Say hello to Jazz. She should be on the cover of Vogue. 12/10 gorgeous pupper https://t.co/mVCMemhXAP,https://twitter.com/dog_rates/status/672481316919734272/photo/1,Jazz,pupper,1.2,https://pbs.twimg.com/media/CVUiMUeW4AEQgkU.jpg,Border_collie,0.599454,True,collie,0.106227,True,Shetland_sheepdog,0.0944649,True,137,757
672254177670729728,2015-12-03 03:21:00+00:00,This is Rolf. He's having the time of his life. 11/10 good pupper https://t.co/OO6MqEbqG3,https://twitter.com/dog_rates/status/672254177670729728/photo/1,Rolf,pupper,1.1,https://pbs.twimg.com/media/CVRTmz1WcAA4uMF.jpg,pug,0.979487,True,French_bulldog,0.0168504,True,Norwegian_elkhound,0.00161754,True,800,1515
672160042234327040,2015-12-02 21:06:56+00:00,This is Bubba. He's a Titted Peebles Aorta. Evolutionary masterpiece. Comfortable with his body. 8/10 great pupper https://t.co/aNkkl5nH3W,https://twitter.com/dog_rates/status/672160042234327040/photo/1,Bubba,pupper,0.8,https://pbs.twimg.com/media/CVP9_beUEAAwURR.jpg,pug,0.561027,True,French_bulldog,0.222114,True,Labrador_retriever,0.0654556,True,395,918
817777686764523520,2017-01-07 16:59:28+00:00,"This is Dido. She's playing the lead role in ""Pupper Stops to Catch Snow Before Resuming Shadow Box with Dried Apple."" 13/10 (IG: didodoggo) https://t.co/m7isZrOBX7",https://twitter.com/dog_rates/status/817777686764523521/video/1,Dido,puppo,1.3,https://pbs.twimg.com/ext_tw_video_thumb/817777588030476288/pu/img/KbuLpE4krHF4VdPf.jpg,curly-coated_retriever,0.733256,True,flat-coated_retriever,0.214145,True,Irish_water_spaniel,0.029769,True,3084,11901
801115127852503040,2016-11-22 17:28:25+00:00,This is Bones. He's being haunted by another doggo of roughly the same size. 12/10 deep breaths pupper everything's fine https://t.co/55Dqe0SJNj,"https://twitter.com/dog_rates/status/801115127852503040/photo/1,https://twitter.com/dog_rates/status/801115127852503040/photo/1",Bones,puppo,1.2,https://pbs.twimg.com/media/Cx4h7zHUsAAqaJd.jpg,dalmatian,0.823356,True,English_setter,0.0946019,True,bluetick,0.0219534,True,2429,8992
759793422261743616,2016-07-31 16:50:42+00:00,"Meet Maggie &amp; Lila. Maggie is the doggo, Lila is the pupper. They are sisters. Both 12/10 would pet at the same time https://t.co/MYwR4DQKll","https://twitter.com/dog_rates/status/759793422261743616/photo/1,https://twitter.com/dog_rates/status/759793422261743616/photo/1",Maggie,puppo,1.2,https://pbs.twimg.com/media/CotUFZEWcAA2Pku.jpg,golden_retriever,0.985876,True,Labrador_retriever,0.00194777,True,kuvasz,0.00175174,True,2173,6620
